path,label,split,group
data/train/images/AoF03869.jpg,0,train,data/train/images/AoF03869.jpg
data/train/images/AoF01650.jpg,0,train,data/train/images/AoF01650.jpg
data/train/images/AoF02059.jpg,0,train,data/train/images/AoF02059.jpg
data/train/images/AoF00419.jpg,0,train,data/train/images/AoF00419.jpg
data/train/images/AoF04657.jpg,0,train,data/train/images/AoF04657.jpg
data/train/images/AoF03379.jpg,0,train,data/train/images/AoF03379.jpg
data/train/images/AoF03574.jpg,0,train,data/train/images/AoF03574.jpg
data/train/images/AoF00150.jpg,0,train,data/train/images/AoF00150.jpg
data/train/images/AoF04374.jpg,0,train,data/train/images/AoF04374.jpg
data/train/images/AoF04586.jpg,0,train,data/train/images/AoF04586.jpg
data/train/images/AoF04753.jpg,0,train,data/train/images/AoF04753.jpg
data/train/images/WEB02161.jpg,0,train,data/train/images/WEB02161.jpg
data/train/images/WEB03789.jpg,0,train,data/train/images/WEB03789.jpg
data/train/images/AoF01873.jpg,0,train,data/train/images/AoF01873.jpg
data/train/images/AoF01996.jpg,0,train,data/train/images/AoF01996.jpg
data/train/images/AoF03863.jpg,0,train,data/train/images/AoF03863.jpg
data/train/images/WEB00323.jpg,0,train,data/train/images/WEB00323.jpg
data/train/images/AoF01793.jpg,0,train,data/train/images/AoF01793.jpg
data/train/images/WEB03448.jpg,0,train,data/train/images/WEB03448.jpg
data/train/images/WEB00299.jpg,0,train,data/train/images/WEB00299.jpg
data/train/images/WEB02027.jpg,0,train,data/train/images/WEB02027.jpg
data/train/images/AoF02663.jpg,0,train,data/train/images/AoF02663.jpg
data/train/images/AoF02281.jpg,0,train,data/train/images/AoF02281.jpg
data/train/images/AoF03133.jpg,0,train,data/train/images/AoF03133.jpg
data/train/images/WEB00368.jpg,0,train,data/train/images/WEB00368.jpg
data/train/images/WEB04152.jpg,0,train,data/train/images/WEB04152.jpg
data/train/images/PublicDataset00992.jpg,0,train,data/train/images/PublicDataset00992.jpg
data/train/images/AoF02030.jpg,0,train,data/train/images/AoF02030.jpg
data/train/images/AoF02934.jpg,0,train,data/train/images/AoF02934.jpg
data/train/images/WEB01454.jpg,0,train,data/train/images/WEB01454.jpg
data/train/images/AoF00829.jpg,0,train,data/train/images/AoF00829.jpg
data/train/images/WEB02943.jpg,0,train,data/train/images/WEB02943.jpg
data/train/images/AoF02187.jpg,0,train,data/train/images/AoF02187.jpg
data/train/images/WEB02288.jpg,0,train,data/train/images/WEB02288.jpg
data/train/images/AoF00639.jpg,0,train,data/train/images/AoF00639.jpg
data/train/images/WEB03543.jpg,0,train,data/train/images/WEB03543.jpg
data/train/images/WEB01013.jpg,0,train,data/train/images/WEB01013.jpg
data/train/images/AoF01670.jpg,0,train,data/train/images/AoF01670.jpg
data/train/images/WEB02035.jpg,0,train,data/train/images/WEB02035.jpg
data/train/images/AoF01447.jpg,0,train,data/train/images/AoF01447.jpg
data/train/images/AoF03955.jpg,0,train,data/train/images/AoF03955.jpg
data/train/images/AoF02293.jpg,0,train,data/train/images/AoF02293.jpg
data/train/images/AoF03553.jpg,0,train,data/train/images/AoF03553.jpg
data/train/images/AoF02968.jpg,0,train,data/train/images/AoF02968.jpg
data/train/images/AoF02480.jpg,0,train,data/train/images/AoF02480.jpg
data/train/images/AoF00046.jpg,0,train,data/train/images/AoF00046.jpg
data/train/images/WEB00788.jpg,0,train,data/train/images/WEB00788.jpg
data/train/images/WEB00547.jpg,0,train,data/train/images/WEB00547.jpg
data/train/images/WEB00618.jpg,0,train,data/train/images/WEB00618.jpg
data/train/images/WEB01348.jpg,0,train,data/train/images/WEB01348.jpg
data/train/images/AoF03616.jpg,0,train,data/train/images/AoF03616.jpg
data/train/images/AoF01322.jpg,0,train,data/train/images/AoF01322.jpg
data/train/images/AoF01044.jpg,0,train,data/train/images/AoF01044.jpg
data/train/images/WEB01750.jpg,0,train,data/train/images/WEB01750.jpg
data/train/images/AoF00168.jpg,0,train,data/train/images/AoF00168.jpg
data/train/images/WEB03468.jpg,0,train,data/train/images/WEB03468.jpg
data/train/images/WEB02730.jpg,0,train,data/train/images/WEB02730.jpg
data/train/images/WEB00849.jpg,0,train,data/train/images/WEB00849.jpg
data/train/images/WEB02979.jpg,0,train,data/train/images/WEB02979.jpg
data/train/images/WEB00481.jpg,0,train,data/train/images/WEB00481.jpg
data/train/images/AoF00392.jpg,0,train,data/train/images/AoF00392.jpg
data/train/images/WEB01673.jpg,0,train,data/train/images/WEB01673.jpg
data/train/images/WEB02441.jpg,0,train,data/train/images/WEB02441.jpg
data/train/images/AoF00452.jpg,0,train,data/train/images/AoF00452.jpg
data/train/images/WEB01598.jpg,0,train,data/train/images/WEB01598.jpg
data/train/images/WEB03391.jpg,0,train,data/train/images/WEB03391.jpg
data/train/images/AoF00541.jpg,0,train,data/train/images/AoF00541.jpg
data/train/images/WEB02829.jpg,0,train,data/train/images/WEB02829.jpg
data/train/images/AoF00576.jpg,0,train,data/train/images/AoF00576.jpg
data/train/images/AoF02944.jpg,0,train,data/train/images/AoF02944.jpg
data/train/images/WEB01069.jpg,0,train,data/train/images/WEB01069.jpg
data/train/images/AoF02624.jpg,0,train,data/train/images/AoF02624.jpg
data/train/images/WEB00554.jpg,0,train,data/train/images/WEB00554.jpg
data/train/images/AoF04361.jpg,0,train,data/train/images/AoF04361.jpg
data/train/images/AoF00940.jpg,0,train,data/train/images/AoF00940.jpg
data/train/images/AoF01121.jpg,0,train,data/train/images/AoF01121.jpg
data/train/images/WEB01367.jpg,0,train,data/train/images/WEB01367.jpg
data/train/images/WEB00543.jpg,0,train,data/train/images/WEB00543.jpg
data/train/images/WEB00090.jpg,0,train,data/train/images/WEB00090.jpg
data/train/images/WEB01027.jpg,0,train,data/train/images/WEB01027.jpg
data/train/images/AoF02652.jpg,0,train,data/train/images/AoF02652.jpg
data/train/images/WEB05302.jpg,0,train,data/train/images/WEB05302.jpg
data/train/images/WEB01436.jpg,0,train,data/train/images/WEB01436.jpg
data/train/images/WEB00601.jpg,0,train,data/train/images/WEB00601.jpg
data/train/images/WEB00006.jpg,0,train,data/train/images/WEB00006.jpg
data/train/images/AoF01435.jpg,0,train,data/train/images/AoF01435.jpg
data/train/images/AoF03535.jpg,0,train,data/train/images/AoF03535.jpg
data/train/images/WEB01455.jpg,0,train,data/train/images/WEB01455.jpg
data/train/images/AoF01749.jpg,0,train,data/train/images/AoF01749.jpg
data/train/images/AoF00501.jpg,0,train,data/train/images/AoF00501.jpg
data/train/images/WEB00138.jpg,0,train,data/train/images/WEB00138.jpg
data/train/images/WEB00353.jpg,0,train,data/train/images/WEB00353.jpg
data/train/images/AoF02806.jpg,0,train,data/train/images/AoF02806.jpg
data/train/images/AoF03280.jpg,0,train,data/train/images/AoF03280.jpg
data/train/images/AoF03463.jpg,0,train,data/train/images/AoF03463.jpg
data/train/images/WEB02285.jpg,0,train,data/train/images/WEB02285.jpg
data/train/images/WEB02628.jpg,0,train,data/train/images/WEB02628.jpg
data/train/images/WEB02795.jpg,0,train,data/train/images/WEB02795.jpg
data/train/images/AoF00125.jpg,0,train,data/train/images/AoF00125.jpg
data/train/images/AoF02196.jpg,0,train,data/train/images/AoF02196.jpg
data/train/images/WEB02877.jpg,0,train,data/train/images/WEB02877.jpg
data/train/images/WEB02146.jpg,0,train,data/train/images/WEB02146.jpg
data/train/images/AoF04730.jpg,0,train,data/train/images/AoF04730.jpg
data/train/images/WEB03955.jpg,0,train,data/train/images/WEB03955.jpg
data/train/images/WEB00141.jpg,0,train,data/train/images/WEB00141.jpg
data/train/images/PublicDataset00975.jpg,0,train,data/train/images/PublicDataset00975.jpg
data/train/images/PublicDataset00358.jpg,0,train,data/train/images/PublicDataset00358.jpg
data/train/images/AoF03151.jpg,0,train,data/train/images/AoF03151.jpg
data/train/images/AoF00140.jpg,0,train,data/train/images/AoF00140.jpg
data/train/images/PublicDataset00882.jpg,0,train,data/train/images/PublicDataset00882.jpg
data/train/images/AoF02282.jpg,0,train,data/train/images/AoF02282.jpg
data/train/images/AoF00339.jpg,0,train,data/train/images/AoF00339.jpg
data/train/images/WEB01794.jpg,0,train,data/train/images/WEB01794.jpg
data/train/images/AoF01545.jpg,0,train,data/train/images/AoF01545.jpg
data/train/images/WEB01976.jpg,0,train,data/train/images/WEB01976.jpg
data/train/images/WEB02779.jpg,0,train,data/train/images/WEB02779.jpg
data/train/images/AoF03627.jpg,0,train,data/train/images/AoF03627.jpg
data/train/images/WEB01011.jpg,0,train,data/train/images/WEB01011.jpg
data/train/images/WEB02203.jpg,0,train,data/train/images/WEB02203.jpg
data/train/images/WEB01239.jpg,0,train,data/train/images/WEB01239.jpg
data/train/images/WEB02437.jpg,0,train,data/train/images/WEB02437.jpg
data/train/images/AoF03406.jpg,0,train,data/train/images/AoF03406.jpg
data/train/images/WEB01440.jpg,0,train,data/train/images/WEB01440.jpg
data/train/images/WEB00460.jpg,0,train,data/train/images/WEB00460.jpg
data/train/images/AoF04510.jpg,0,train,data/train/images/AoF04510.jpg
data/train/images/WEB02235.jpg,0,train,data/train/images/WEB02235.jpg
data/train/images/WEB03156.jpg,0,train,data/train/images/WEB03156.jpg
data/train/images/AoF02689.jpg,0,train,data/train/images/AoF02689.jpg
data/train/images/AoF02762.jpg,0,train,data/train/images/AoF02762.jpg
data/train/images/AoF02579.jpg,0,train,data/train/images/AoF02579.jpg
data/train/images/AoF02854.jpg,0,train,data/train/images/AoF02854.jpg
data/train/images/WEB02023.jpg,0,train,data/train/images/WEB02023.jpg
data/train/images/WEB01755.jpg,0,train,data/train/images/WEB01755.jpg
data/train/images/WEB01734.jpg,0,train,data/train/images/WEB01734.jpg
data/train/images/AoF03203.jpg,0,train,data/train/images/AoF03203.jpg
data/train/images/AoF03914.jpg,0,train,data/train/images/AoF03914.jpg
data/train/images/WEB03546.jpg,0,train,data/train/images/WEB03546.jpg
data/train/images/WEB01459.jpg,0,train,data/train/images/WEB01459.jpg
data/train/images/WEB03025.jpg,0,train,data/train/images/WEB03025.jpg
data/train/images/WEB02079.jpg,0,train,data/train/images/WEB02079.jpg
data/train/images/AoF03248.jpg,0,train,data/train/images/AoF03248.jpg
data/train/images/AoF00607.jpg,0,train,data/train/images/AoF00607.jpg
data/train/images/WEB01488.jpg,0,train,data/train/images/WEB01488.jpg
data/train/images/AoF00400.jpg,0,train,data/train/images/AoF00400.jpg
data/train/images/AoF02839.jpg,0,train,data/train/images/AoF02839.jpg
data/train/images/WEB03289.jpg,0,train,data/train/images/WEB03289.jpg
data/train/images/AoF01412.jpg,0,train,data/train/images/AoF01412.jpg
data/train/images/WEB03363.jpg,0,train,data/train/images/WEB03363.jpg
data/train/images/AoF03848.jpg,0,train,data/train/images/AoF03848.jpg
data/train/images/WEB04584.jpg,0,train,data/train/images/WEB04584.jpg
data/train/images/AoF02891.jpg,0,train,data/train/images/AoF02891.jpg
data/train/images/WEB01557.jpg,0,train,data/train/images/WEB01557.jpg
data/train/images/AoF01660.jpg,0,train,data/train/images/AoF01660.jpg
data/train/images/AoF02205.jpg,0,train,data/train/images/AoF02205.jpg
data/train/images/AoF02358.jpg,0,train,data/train/images/AoF02358.jpg
data/train/images/WEB02400.jpg,0,train,data/train/images/WEB02400.jpg
data/train/images/WEB02123.jpg,0,train,data/train/images/WEB02123.jpg
data/train/images/AoF03374.jpg,0,train,data/train/images/AoF03374.jpg
data/train/images/WEB00184.jpg,0,train,data/train/images/WEB00184.jpg
data/train/images/AoF03115.jpg,0,train,data/train/images/AoF03115.jpg
data/train/images/AoF04906.jpg,0,train,data/train/images/AoF04906.jpg
data/train/images/AoF03783.jpg,0,train,data/train/images/AoF03783.jpg
data/train/images/AoF04485.jpg,0,train,data/train/images/AoF04485.jpg
data/train/images/AoF02898.jpg,0,train,data/train/images/AoF02898.jpg
data/train/images/AoF02690.jpg,0,train,data/train/images/AoF02690.jpg
data/train/images/AoF04477.jpg,0,train,data/train/images/AoF04477.jpg
data/train/images/WEB02932.jpg,0,train,data/train/images/WEB02932.jpg
data/train/images/AoF02980.jpg,0,train,data/train/images/AoF02980.jpg
data/train/images/WEB03617.jpg,0,train,data/train/images/WEB03617.jpg
data/train/images/WEB00470.jpg,0,train,data/train/images/WEB00470.jpg
data/train/images/WEB00308.jpg,0,train,data/train/images/WEB00308.jpg
data/train/images/WEB00008.jpg,0,train,data/train/images/WEB00008.jpg
data/train/images/AoF00743.jpg,0,train,data/train/images/AoF00743.jpg
data/train/images/AoF02583.jpg,0,train,data/train/images/AoF02583.jpg
data/train/images/AoF01941.jpg,0,train,data/train/images/AoF01941.jpg
data/train/images/AoF03640.jpg,0,train,data/train/images/AoF03640.jpg
data/train/images/AoF00711.jpg,0,train,data/train/images/AoF00711.jpg
data/train/images/AoF01593.jpg,0,train,data/train/images/AoF01593.jpg
data/train/images/WEB02541.jpg,0,train,data/train/images/WEB02541.jpg
data/train/images/WEB01460.jpg,0,train,data/train/images/WEB01460.jpg
data/train/images/WEB03104.jpg,0,train,data/train/images/WEB03104.jpg
data/train/images/WEB01038.jpg,0,train,data/train/images/WEB01038.jpg
data/train/images/PublicDataset00010.jpg,0,train,data/train/images/PublicDataset00010.jpg
data/train/images/AoF01209.jpg,0,train,data/train/images/AoF01209.jpg
data/train/images/AoF03587.jpg,0,train,data/train/images/AoF03587.jpg
data/train/images/AoF00906.jpg,0,train,data/train/images/AoF00906.jpg
data/train/images/AoF04918.jpg,0,train,data/train/images/AoF04918.jpg
data/train/images/WEB03044.jpg,0,train,data/train/images/WEB03044.jpg
data/train/images/WEB02029.jpg,0,train,data/train/images/WEB02029.jpg
data/train/images/AoF02700.jpg,0,train,data/train/images/AoF02700.jpg
data/train/images/WEB02263.jpg,0,train,data/train/images/WEB02263.jpg
data/train/images/AoF01806.jpg,0,train,data/train/images/AoF01806.jpg
data/train/images/WEB03564.jpg,0,train,data/train/images/WEB03564.jpg
data/train/images/WEB02380.jpg,0,train,data/train/images/WEB02380.jpg
data/train/images/WEB01292.jpg,0,train,data/train/images/WEB01292.jpg
data/train/images/AoF00909.jpg,0,train,data/train/images/AoF00909.jpg
data/train/images/WEB00075.jpg,0,train,data/train/images/WEB00075.jpg
data/train/images/AoF03905.jpg,0,train,data/train/images/AoF03905.jpg
data/train/images/WEB01984.jpg,0,train,data/train/images/WEB01984.jpg
data/train/images/WEB02557.jpg,0,train,data/train/images/WEB02557.jpg
data/train/images/WEB08840.jpg,1,train,data/train/images/WEB08840.jpg
data/train/images/AoF05553.jpg,1,train,data/train/images/AoF05553.jpg
data/train/images/PublicDataset00857.jpg,1,train,data/train/images/PublicDataset00857.jpg
data/train/images/WEB06091.jpg,1,train,data/train/images/WEB06091.jpg
data/train/images/WEB06285.jpg,1,train,data/train/images/WEB06285.jpg
data/train/images/WEB06380.jpg,1,train,data/train/images/WEB06380.jpg
data/train/images/WEB04536.jpg,1,train,data/train/images/WEB04536.jpg
data/train/images/AoF05290.jpg,1,train,data/train/images/AoF05290.jpg
data/train/images/AoF06713.jpg,1,train,data/train/images/AoF06713.jpg
data/train/images/WEB08149.jpg,1,train,data/train/images/WEB08149.jpg
data/train/images/WEB08687.jpg,1,train,data/train/images/WEB08687.jpg
data/train/images/WEB08350.jpg,1,train,data/train/images/WEB08350.jpg
data/train/images/AoF05243.jpg,1,train,data/train/images/AoF05243.jpg
data/train/images/PublicDataset00690.jpg,1,train,data/train/images/PublicDataset00690.jpg
data/train/images/AoF05171.jpg,1,train,data/train/images/AoF05171.jpg
data/train/images/PublicDataset00403.jpg,1,train,data/train/images/PublicDataset00403.jpg
data/train/images/WEB08303.jpg,1,train,data/train/images/WEB08303.jpg
data/train/images/PublicDataset00335.jpg,1,train,data/train/images/PublicDataset00335.jpg
data/train/images/WEB09002.jpg,1,train,data/train/images/WEB09002.jpg
data/train/images/PublicDataset00649.jpg,1,train,data/train/images/PublicDataset00649.jpg
data/train/images/WEB06485.jpg,1,train,data/train/images/WEB06485.jpg
data/train/images/WEB04606.jpg,1,train,data/train/images/WEB04606.jpg
data/train/images/AoF06401.jpg,1,train,data/train/images/AoF06401.jpg
data/train/images/WEB06015.jpg,1,train,data/train/images/WEB06015.jpg
data/train/images/AoF06414.jpg,1,train,data/train/images/AoF06414.jpg
data/train/images/WEB09375.jpg,1,train,data/train/images/WEB09375.jpg
data/train/images/WEB09163.jpg,1,train,data/train/images/WEB09163.jpg
data/train/images/AoF05464.jpg,1,train,data/train/images/AoF05464.jpg
data/train/images/AoF05656.jpg,1,train,data/train/images/AoF05656.jpg
data/train/images/WEB08184.jpg,1,train,data/train/images/WEB08184.jpg
data/train/images/PublicDataset00469.jpg,1,train,data/train/images/PublicDataset00469.jpg
data/train/images/AoF05997.jpg,1,train,data/train/images/AoF05997.jpg
data/train/images/AoF06391.jpg,1,train,data/train/images/AoF06391.jpg
data/train/images/WEB03758.jpg,1,train,data/train/images/WEB03758.jpg
data/train/images/WEB04461.jpg,1,train,data/train/images/WEB04461.jpg
data/train/images/WEB09117.jpg,1,train,data/train/images/WEB09117.jpg
data/train/images/WEB07314.jpg,1,train,data/train/images/WEB07314.jpg
data/train/images/WEB05507.jpg,1,train,data/train/images/WEB05507.jpg
data/train/images/WEB06470.jpg,1,train,data/train/images/WEB06470.jpg
data/train/images/WEB07456.jpg,1,train,data/train/images/WEB07456.jpg
data/train/images/WEB08977.jpg,1,train,data/train/images/WEB08977.jpg
data/train/images/WEB04326.jpg,1,train,data/train/images/WEB04326.jpg
data/train/images/WEB08758.jpg,1,train,data/train/images/WEB08758.jpg
data/train/images/WEB07888.jpg,1,train,data/train/images/WEB07888.jpg
data/train/images/AoF05541.jpg,1,train,data/train/images/AoF05541.jpg
data/train/images/WEB05561.jpg,1,train,data/train/images/WEB05561.jpg
data/train/images/AoF05083.jpg,1,train,data/train/images/AoF05083.jpg
data/train/images/AoF05209.jpg,1,train,data/train/images/AoF05209.jpg
data/train/images/WEB08902.jpg,1,train,data/train/images/WEB08902.jpg
data/train/images/WEB08324.jpg,1,train,data/train/images/WEB08324.jpg
data/train/images/WEB09161.jpg,1,train,data/train/images/WEB09161.jpg
data/train/images/WEB08725.jpg,1,train,data/train/images/WEB08725.jpg
data/train/images/WEB07935.jpg,1,train,data/train/images/WEB07935.jpg
data/train/images/WEB07660.jpg,1,train,data/train/images/WEB07660.jpg
data/train/images/WEB07239.jpg,1,train,data/train/images/WEB07239.jpg
data/train/images/WEB05113.jpg,1,train,data/train/images/WEB05113.jpg
data/train/images/WEB09421.jpg,1,train,data/train/images/WEB09421.jpg
data/train/images/PublicDataset00239.jpg,1,train,data/train/images/PublicDataset00239.jpg
data/train/images/WEB08566.jpg,1,train,data/train/images/WEB08566.jpg
data/train/images/WEB06176.jpg,1,train,data/train/images/WEB06176.jpg
data/train/images/AoF05107.jpg,1,train,data/train/images/AoF05107.jpg
data/train/images/AoF04882.jpg,1,train,data/train/images/AoF04882.jpg
data/train/images/WEB09037.jpg,1,train,data/train/images/WEB09037.jpg
data/train/images/PublicDataset00293.jpg,1,train,data/train/images/PublicDataset00293.jpg
data/train/images/AoF05233.jpg,1,train,data/train/images/AoF05233.jpg
data/train/images/AoF05650.jpg,1,train,data/train/images/AoF05650.jpg
data/train/images/WEB06359.jpg,1,train,data/train/images/WEB06359.jpg
data/train/images/WEB04101.jpg,1,train,data/train/images/WEB04101.jpg
data/train/images/WEB06713.jpg,1,train,data/train/images/WEB06713.jpg
data/train/images/WEB05777.jpg,1,train,data/train/images/WEB05777.jpg
data/train/images/PublicDataset00405.jpg,1,train,data/train/images/PublicDataset00405.jpg
data/train/images/WEB07355.jpg,1,train,data/train/images/WEB07355.jpg
data/train/images/WEB09290.jpg,1,train,data/train/images/WEB09290.jpg
data/train/images/PublicDataset00361.jpg,1,train,data/train/images/PublicDataset00361.jpg
data/train/images/WEB07302.jpg,1,train,data/train/images/WEB07302.jpg
data/train/images/AoF06283.jpg,1,train,data/train/images/AoF06283.jpg
data/train/images/WEB07607.jpg,1,train,data/train/images/WEB07607.jpg
data/train/images/AoF04835.jpg,1,train,data/train/images/AoF04835.jpg
data/train/images/PublicDataset00459.jpg,1,train,data/train/images/PublicDataset00459.jpg
data/train/images/PublicDataset00755.jpg,1,train,data/train/images/PublicDataset00755.jpg
data/train/images/WEB06549.jpg,1,train,data/train/images/WEB06549.jpg
data/train/images/WEB07242.jpg,1,train,data/train/images/WEB07242.jpg
data/train/images/WEB05216.jpg,1,train,data/train/images/WEB05216.jpg
data/train/images/AoF06660.jpg,1,train,data/train/images/AoF06660.jpg
data/train/images/WEB04775.jpg,1,train,data/train/images/WEB04775.jpg
data/train/images/WEB07257.jpg,1,train,data/train/images/WEB07257.jpg
data/train/images/AoF06241.jpg,1,train,data/train/images/AoF06241.jpg
data/train/images/AoF05945.jpg,1,train,data/train/images/AoF05945.jpg
data/train/images/WEB09415.jpg,1,train,data/train/images/WEB09415.jpg
data/train/images/AoF05526.jpg,1,train,data/train/images/AoF05526.jpg
data/train/images/WEB05130.jpg,1,train,data/train/images/WEB05130.jpg
data/train/images/AoF06248.jpg,1,train,data/train/images/AoF06248.jpg
data/train/images/WEB06036.jpg,1,train,data/train/images/WEB06036.jpg
data/train/images/WEB08053.jpg,1,train,data/train/images/WEB08053.jpg
data/train/images/WEB06231.jpg,1,train,data/train/images/WEB06231.jpg
data/train/images/AoF05637.jpg,1,train,data/train/images/AoF05637.jpg
data/train/images/WEB06511.jpg,1,train,data/train/images/WEB06511.jpg
data/train/images/WEB07496.jpg,1,train,data/train/images/WEB07496.jpg
data/train/images/PublicDataset00289.jpg,1,train,data/train/images/PublicDataset00289.jpg
data/train/images/PublicDataset00842.jpg,1,train,data/train/images/PublicDataset00842.jpg
data/train/images/AoF05609.jpg,1,train,data/train/images/AoF05609.jpg
data/train/images/PublicDataset00295.jpg,1,train,data/train/images/PublicDataset00295.jpg
data/train/images/AoF05391.jpg,1,train,data/train/images/AoF05391.jpg
data/train/images/AoF04115.jpg,1,train,data/train/images/AoF04115.jpg
data/train/images/PublicDataset00576.jpg,1,train,data/train/images/PublicDataset00576.jpg
data/train/images/WEB04644.jpg,1,train,data/train/images/WEB04644.jpg
data/train/images/AoF05608.jpg,1,train,data/train/images/AoF05608.jpg
data/train/images/WEB08827.jpg,1,train,data/train/images/WEB08827.jpg
data/train/images/WEB08756.jpg,1,train,data/train/images/WEB08756.jpg
data/train/images/AoF05234.jpg,1,train,data/train/images/AoF05234.jpg
data/train/images/WEB09236.jpg,1,train,data/train/images/WEB09236.jpg
data/train/images/WEB06981.jpg,1,train,data/train/images/WEB06981.jpg
data/train/images/WEB04654.jpg,1,train,data/train/images/WEB04654.jpg
data/train/images/WEB04903.jpg,1,train,data/train/images/WEB04903.jpg
data/train/images/AoF05979.jpg,1,train,data/train/images/AoF05979.jpg
data/train/images/WEB08121.jpg,1,train,data/train/images/WEB08121.jpg
data/train/images/WEB05711.jpg,1,train,data/train/images/WEB05711.jpg
data/train/images/AoF06016.jpg,1,train,data/train/images/AoF06016.jpg
data/train/images/WEB06316.jpg,1,train,data/train/images/WEB06316.jpg
data/train/images/WEB05879.jpg,1,train,data/train/images/WEB05879.jpg
data/train/images/PublicDataset00565.jpg,1,train,data/train/images/PublicDataset00565.jpg
data/train/images/WEB07198.jpg,1,train,data/train/images/WEB07198.jpg
data/train/images/WEB07685.jpg,1,train,data/train/images/WEB07685.jpg
data/train/images/WEB08289.jpg,1,train,data/train/images/WEB08289.jpg
data/train/images/PublicDataset00848.jpg,1,train,data/train/images/PublicDataset00848.jpg
data/train/images/WEB03848.jpg,1,train,data/train/images/WEB03848.jpg
data/train/images/WEB04638.jpg,1,train,data/train/images/WEB04638.jpg
data/train/images/AoF05710.jpg,1,train,data/train/images/AoF05710.jpg
data/train/images/AoF05765.jpg,1,train,data/train/images/AoF05765.jpg
data/train/images/AoF05903.jpg,1,train,data/train/images/AoF05903.jpg
data/train/images/WEB08814.jpg,1,train,data/train/images/WEB08814.jpg
data/train/images/WEB08940.jpg,1,train,data/train/images/WEB08940.jpg
data/train/images/WEB07435.jpg,1,train,data/train/images/WEB07435.jpg
data/train/images/AoF05931.jpg,1,train,data/train/images/AoF05931.jpg
data/train/images/WEB07246.jpg,1,train,data/train/images/WEB07246.jpg
data/train/images/WEB06363.jpg,1,train,data/train/images/WEB06363.jpg
data/train/images/WEB08264.jpg,1,train,data/train/images/WEB08264.jpg
data/train/images/WEB07096.jpg,1,train,data/train/images/WEB07096.jpg
data/train/images/WEB08168.jpg,1,train,data/train/images/WEB08168.jpg
data/train/images/AoF05835.jpg,1,train,data/train/images/AoF05835.jpg
data/train/images/WEB04764.jpg,1,train,data/train/images/WEB04764.jpg
data/train/images/WEB06145.jpg,1,train,data/train/images/WEB06145.jpg
data/train/images/PublicDataset00665.jpg,1,train,data/train/images/PublicDataset00665.jpg
data/train/images/WEB08073.jpg,1,train,data/train/images/WEB08073.jpg
data/train/images/WEB05864.jpg,1,train,data/train/images/WEB05864.jpg
data/train/images/AoF06203.jpg,1,train,data/train/images/AoF06203.jpg
data/train/images/WEB06302.jpg,1,train,data/train/images/WEB06302.jpg
data/train/images/WEB06348.jpg,1,train,data/train/images/WEB06348.jpg
data/train/images/WEB03821.jpg,1,train,data/train/images/WEB03821.jpg
data/train/images/WEB04839.jpg,1,train,data/train/images/WEB04839.jpg
data/train/images/WEB08103.jpg,1,train,data/train/images/WEB08103.jpg
data/train/images/AoF04241.jpg,1,train,data/train/images/AoF04241.jpg
data/train/images/WEB08770.jpg,1,train,data/train/images/WEB08770.jpg
data/train/images/AoF06018.jpg,1,train,data/train/images/AoF06018.jpg
data/train/images/WEB08524.jpg,1,train,data/train/images/WEB08524.jpg
data/train/images/WEB07768.jpg,1,train,data/train/images/WEB07768.jpg
data/train/images/WEB04835.jpg,1,train,data/train/images/WEB04835.jpg
data/train/images/WEB08829.jpg,1,train,data/train/images/WEB08829.jpg
data/train/images/PublicDataset00767.jpg,1,train,data/train/images/PublicDataset00767.jpg
data/train/images/PublicDataset00643.jpg,1,train,data/train/images/PublicDataset00643.jpg
data/train/images/WEB03884.jpg,1,train,data/train/images/WEB03884.jpg
data/train/images/WEB08362.jpg,1,train,data/train/images/WEB08362.jpg
data/train/images/WEB08006.jpg,1,train,data/train/images/WEB08006.jpg
data/train/images/PublicDataset00342.jpg,1,train,data/train/images/PublicDataset00342.jpg
data/train/images/WEB06836.jpg,1,train,data/train/images/WEB06836.jpg
data/train/images/WEB08922.jpg,1,train,data/train/images/WEB08922.jpg
data/train/images/PublicDataset00761.jpg,1,train,data/train/images/PublicDataset00761.jpg
data/train/images/WEB04138.jpg,1,train,data/train/images/WEB04138.jpg
data/train/images/AoF06007.jpg,1,train,data/train/images/AoF06007.jpg
data/train/images/AoF05676.jpg,1,train,data/train/images/AoF05676.jpg
data/train/images/PublicDataset00311.jpg,1,train,data/train/images/PublicDataset00311.jpg
data/train/images/WEB04658.jpg,1,train,data/train/images/WEB04658.jpg
data/train/images/PublicDataset00070.jpg,1,train,data/train/images/PublicDataset00070.jpg
data/train/images/WEB03936.jpg,1,train,data/train/images/WEB03936.jpg
data/train/images/AoF05415.jpg,1,train,data/train/images/AoF05415.jpg
data/train/images/PublicDataset00096.jpg,1,train,data/train/images/PublicDataset00096.jpg
data/train/images/AoF05569.jpg,1,train,data/train/images/AoF05569.jpg
data/train/images/PublicDataset00215.jpg,1,train,data/train/images/PublicDataset00215.jpg
data/train/images/WEB07887.jpg,1,train,data/train/images/WEB07887.jpg
data/train/images/WEB04748.jpg,1,train,data/train/images/WEB04748.jpg
data/train/images/WEB06149.jpg,1,train,data/train/images/WEB06149.jpg
data/train/images/WEB07702.jpg,1,train,data/train/images/WEB07702.jpg
data/train/images/AoF05784.jpg,1,train,data/train/images/AoF05784.jpg
data/train/images/AoF05740.jpg,1,train,data/train/images/AoF05740.jpg
data/train/images/WEB07430.jpg,1,train,data/train/images/WEB07430.jpg
data/train/images/PublicDataset00595.jpg,1,train,data/train/images/PublicDataset00595.jpg
data/train/images/WEB08293.jpg,1,train,data/train/images/WEB08293.jpg
data/train/images/AoF04272.jpg,1,train,data/train/images/AoF04272.jpg
data/train/images/WEB06199.jpg,1,train,data/train/images/WEB06199.jpg
data/train/images/WEB06310.jpg,1,train,data/train/images/WEB06310.jpg
data/train/images/AoF06682.jpg,1,train,data/train/images/AoF06682.jpg
data/train/images/AoF05832.jpg,1,train,data/train/images/AoF05832.jpg
data/train/images/WEB07996.jpg,1,train,data/train/images/WEB07996.jpg
data/train/images/AoF05579.jpg,1,train,data/train/images/AoF05579.jpg
data/train/images/AoF04727.jpg,1,train,data/train/images/AoF04727.jpg
data/train/images/PublicDataset00574.jpg,1,train,data/train/images/PublicDataset00574.jpg
data/train/images/PublicDataset00242.jpg,1,train,data/train/images/PublicDataset00242.jpg
data/train/images/AoF06718.jpg,1,train,data/train/images/AoF06718.jpg
data/train/images/WEB03863.jpg,1,train,data/train/images/WEB03863.jpg
data/train/images/AoF05716.jpg,1,train,data/train/images/AoF05716.jpg
data/val/images/WEB04118.jpg,0,val,data/val/images/WEB04118.jpg
data/val/images/WEB01001.jpg,0,val,data/val/images/WEB01001.jpg
data/val/images/AoF01193.jpg,0,val,data/val/images/AoF01193.jpg
data/val/images/AoF01696.jpg,0,val,data/val/images/AoF01696.jpg
data/val/images/WEB02241.jpg,0,val,data/val/images/WEB02241.jpg
data/val/images/AoF03809.jpg,0,val,data/val/images/AoF03809.jpg
data/val/images/WEB01278.jpg,0,val,data/val/images/WEB01278.jpg
data/val/images/WEB02807.jpg,0,val,data/val/images/WEB02807.jpg
data/val/images/WEB04446.jpg,0,val,data/val/images/WEB04446.jpg
data/val/images/WEB04809.jpg,0,val,data/val/images/WEB04809.jpg
data/val/images/AoF01317.jpg,0,val,data/val/images/AoF01317.jpg
data/val/images/AoF03779.jpg,0,val,data/val/images/AoF03779.jpg
data/val/images/WEB01722.jpg,0,val,data/val/images/WEB01722.jpg
data/val/images/AoF00935.jpg,0,val,data/val/images/AoF00935.jpg
data/val/images/WEB00093.jpg,0,val,data/val/images/WEB00093.jpg
data/val/images/AoF03958.jpg,0,val,data/val/images/AoF03958.jpg
data/val/images/WEB00136.jpg,0,val,data/val/images/WEB00136.jpg
data/val/images/WEB00897.jpg,0,val,data/val/images/WEB00897.jpg
data/val/images/AoF01787.jpg,0,val,data/val/images/AoF01787.jpg
data/val/images/AoF00364.jpg,0,val,data/val/images/AoF00364.jpg
data/val/images/AoF03986.jpg,0,val,data/val/images/AoF03986.jpg
data/val/images/WEB01510.jpg,0,val,data/val/images/WEB01510.jpg
data/val/images/AoF03186.jpg,0,val,data/val/images/AoF03186.jpg
data/val/images/AoF01377.jpg,0,val,data/val/images/AoF01377.jpg
data/val/images/WEB01207.jpg,0,val,data/val/images/WEB01207.jpg
data/val/images/AoF00415.jpg,0,val,data/val/images/AoF00415.jpg
data/val/images/WEB00173.jpg,0,val,data/val/images/WEB00173.jpg
data/val/images/WEB03642.jpg,0,val,data/val/images/WEB03642.jpg
data/val/images/PublicDataset00062.jpg,0,val,data/val/images/PublicDataset00062.jpg
data/val/images/WEB01137.jpg,0,val,data/val/images/WEB01137.jpg
data/val/images/WEB00663.jpg,0,val,data/val/images/WEB00663.jpg
data/val/images/AoF02171.jpg,0,val,data/val/images/AoF02171.jpg
data/val/images/AoF00142.jpg,0,val,data/val/images/AoF00142.jpg
data/val/images/WEB00017.jpg,0,val,data/val/images/WEB00017.jpg
data/val/images/WEB00487.jpg,0,val,data/val/images/WEB00487.jpg
data/val/images/WEB06095.jpg,0,val,data/val/images/WEB06095.jpg
data/val/images/PublicDataset00015.jpg,0,val,data/val/images/PublicDataset00015.jpg
data/val/images/WEB04254.jpg,0,val,data/val/images/WEB04254.jpg
data/val/images/AoF04509.jpg,0,val,data/val/images/AoF04509.jpg
data/val/images/AoF03450.jpg,0,val,data/val/images/AoF03450.jpg
data/val/images/PublicDataset00006.jpg,0,val,data/val/images/PublicDataset00006.jpg
data/val/images/WEB02913.jpg,0,val,data/val/images/WEB02913.jpg
data/val/images/WEB00812.jpg,0,val,data/val/images/WEB00812.jpg
data/val/images/AoF03079.jpg,0,val,data/val/images/AoF03079.jpg
data/val/images/WEB03218.jpg,0,val,data/val/images/WEB03218.jpg
data/val/images/AoF03921.jpg,0,val,data/val/images/AoF03921.jpg
data/val/images/AoF01917.jpg,0,val,data/val/images/AoF01917.jpg
data/val/images/WEB01337.jpg,0,val,data/val/images/WEB01337.jpg
data/val/images/WEB00782.jpg,0,val,data/val/images/WEB00782.jpg
data/val/images/WEB01711.jpg,0,val,data/val/images/WEB01711.jpg
data/val/images/AoF04328.jpg,1,val,data/val/images/AoF04328.jpg
data/val/images/WEB09153.jpg,1,val,data/val/images/WEB09153.jpg
data/val/images/WEB07938.jpg,1,val,data/val/images/WEB07938.jpg
data/val/images/AoF04643.jpg,1,val,data/val/images/AoF04643.jpg
data/val/images/AoF06039.jpg,1,val,data/val/images/AoF06039.jpg
data/val/images/WEB06604.jpg,1,val,data/val/images/WEB06604.jpg
data/val/images/WEB07459.jpg,1,val,data/val/images/WEB07459.jpg
data/val/images/WEB06792.jpg,1,val,data/val/images/WEB06792.jpg
data/val/images/WEB03980.jpg,1,val,data/val/images/WEB03980.jpg
data/val/images/WEB05585.jpg,1,val,data/val/images/WEB05585.jpg
data/val/images/AoF04885.jpg,1,val,data/val/images/AoF04885.jpg
data/val/images/WEB06637.jpg,1,val,data/val/images/WEB06637.jpg
data/val/images/WEB03953.jpg,1,val,data/val/images/WEB03953.jpg
data/val/images/WEB05500.jpg,1,val,data/val/images/WEB05500.jpg
data/val/images/WEB08568.jpg,1,val,data/val/images/WEB08568.jpg
data/val/images/WEB04718.jpg,1,val,data/val/images/WEB04718.jpg
data/val/images/AoF04348.jpg,1,val,data/val/images/AoF04348.jpg
data/val/images/WEB06567.jpg,1,val,data/val/images/WEB06567.jpg
data/val/images/WEB08124.jpg,1,val,data/val/images/WEB08124.jpg
data/val/images/WEB09084.jpg,1,val,data/val/images/WEB09084.jpg
data/val/images/WEB04199.jpg,1,val,data/val/images/WEB04199.jpg
data/val/images/WEB07217.jpg,1,val,data/val/images/WEB07217.jpg
data/val/images/WEB03840.jpg,1,val,data/val/images/WEB03840.jpg
data/val/images/AoF06250.jpg,1,val,data/val/images/AoF06250.jpg
data/val/images/WEB08386.jpg,1,val,data/val/images/WEB08386.jpg
data/val/images/WEB05048.jpg,1,val,data/val/images/WEB05048.jpg
data/val/images/AoF06677.jpg,1,val,data/val/images/AoF06677.jpg
data/val/images/WEB05291.jpg,1,val,data/val/images/WEB05291.jpg
data/val/images/WEB08641.jpg,1,val,data/val/images/WEB08641.jpg
data/val/images/WEB04236.jpg,1,val,data/val/images/WEB04236.jpg
data/val/images/AoF05547.jpg,1,val,data/val/images/AoF05547.jpg
data/val/images/WEB09119.jpg,1,val,data/val/images/WEB09119.jpg
data/val/images/WEB08016.jpg,1,val,data/val/images/WEB08016.jpg
data/val/images/AoF05677.jpg,1,val,data/val/images/AoF05677.jpg
data/val/images/AoF04049.jpg,1,val,data/val/images/AoF04049.jpg
data/val/images/WEB04637.jpg,1,val,data/val/images/WEB04637.jpg
data/val/images/WEB08662.jpg,1,val,data/val/images/WEB08662.jpg
data/val/images/PublicDataset00636.jpg,1,val,data/val/images/PublicDataset00636.jpg
data/val/images/PublicDataset00603.jpg,1,val,data/val/images/PublicDataset00603.jpg
data/val/images/WEB08617.jpg,1,val,data/val/images/WEB08617.jpg
data/val/images/WEB08008.jpg,1,val,data/val/images/WEB08008.jpg
data/val/images/AoF05178.jpg,1,val,data/val/images/AoF05178.jpg
data/val/images/WEB05564.jpg,1,val,data/val/images/WEB05564.jpg
data/val/images/AoF06361.jpg,1,val,data/val/images/AoF06361.jpg
data/val/images/AoF06588.jpg,1,val,data/val/images/AoF06588.jpg
data/val/images/WEB06235.jpg,1,val,data/val/images/WEB06235.jpg
data/val/images/WEB08134.jpg,1,val,data/val/images/WEB08134.jpg
data/val/images/AoF06005.jpg,1,val,data/val/images/AoF06005.jpg
data/val/images/PublicDataset00254.jpg,1,val,data/val/images/PublicDataset00254.jpg
data/val/images/WEB07601.jpg,1,val,data/val/images/WEB07601.jpg
data/test/images/AoF07541.jpg,0,test,data/test/images/AoF07541.jpg
data/test/images/WEB09508.jpg,0,test,data/test/images/WEB09508.jpg
data/test/images/WEB09964.jpg,0,test,data/test/images/WEB09964.jpg
data/test/images/WEB10357.jpg,0,test,data/test/images/WEB10357.jpg
data/test/images/WEB10418.jpg,0,test,data/test/images/WEB10418.jpg
data/test/images/AoF07715.jpg,0,test,data/test/images/AoF07715.jpg
data/test/images/WEB10196.jpg,0,test,data/test/images/WEB10196.jpg
data/test/images/PublicDataset01309.jpg,0,test,data/test/images/PublicDataset01309.jpg
data/test/images/AoF06928.jpg,0,test,data/test/images/AoF06928.jpg
data/test/images/AoF07250.jpg,0,test,data/test/images/AoF07250.jpg
data/test/images/WEB10030.jpg,0,test,data/test/images/WEB10030.jpg
data/test/images/AoF06905.jpg,0,test,data/test/images/AoF06905.jpg
data/test/images/AoF07196.jpg,0,test,data/test/images/AoF07196.jpg
data/test/images/AoF07892.jpg,0,test,data/test/images/AoF07892.jpg
data/test/images/WEB10819.jpg,0,test,data/test/images/WEB10819.jpg
data/test/images/WEB10386.jpg,0,test,data/test/images/WEB10386.jpg
data/test/images/WEB10364.jpg,0,test,data/test/images/WEB10364.jpg
data/test/images/AoF07512.jpg,0,test,data/test/images/AoF07512.jpg
data/test/images/WEB10259.jpg,0,test,data/test/images/WEB10259.jpg
data/test/images/WEB10281.jpg,0,test,data/test/images/WEB10281.jpg
data/test/images/AoF06879.jpg,0,test,data/test/images/AoF06879.jpg
data/test/images/WEB10895.jpg,0,test,data/test/images/WEB10895.jpg
data/test/images/WEB09528.jpg,0,test,data/test/images/WEB09528.jpg
data/test/images/WEB10286.jpg,0,test,data/test/images/WEB10286.jpg
data/test/images/WEB10396.jpg,0,test,data/test/images/WEB10396.jpg
data/test/images/WEB09529.jpg,0,test,data/test/images/WEB09529.jpg
data/test/images/AoF07066.jpg,0,test,data/test/images/AoF07066.jpg
data/test/images/AoF07899.jpg,0,test,data/test/images/AoF07899.jpg
data/test/images/AoF07130.jpg,0,test,data/test/images/AoF07130.jpg
data/test/images/WEB10193.jpg,0,test,data/test/images/WEB10193.jpg
data/test/images/AoF07251.jpg,0,test,data/test/images/AoF07251.jpg
data/test/images/WEB09798.jpg,0,test,data/test/images/WEB09798.jpg
data/test/images/AoF07046.jpg,0,test,data/test/images/AoF07046.jpg
data/test/images/WEB10399.jpg,0,test,data/test/images/WEB10399.jpg
data/test/images/WEB10071.jpg,0,test,data/test/images/WEB10071.jpg
data/test/images/AoF07040.jpg,0,test,data/test/images/AoF07040.jpg
data/test/images/PublicDataset01070.jpg,0,test,data/test/images/PublicDataset01070.jpg
data/test/images/AoF07079.jpg,0,test,data/test/images/AoF07079.jpg
data/test/images/WEB09541.jpg,0,test,data/test/images/WEB09541.jpg
data/test/images/WEB09788.jpg,0,test,data/test/images/WEB09788.jpg
data/test/images/AoF07955.jpg,0,test,data/test/images/AoF07955.jpg
data/test/images/WEB10310.jpg,0,test,data/test/images/WEB10310.jpg
data/test/images/AoF07208.jpg,0,test,data/test/images/AoF07208.jpg
data/test/images/AoF07410.jpg,0,test,data/test/images/AoF07410.jpg
data/test/images/WEB09689.jpg,0,test,data/test/images/WEB09689.jpg
data/test/images/AoF07291.jpg,0,test,data/test/images/AoF07291.jpg
data/test/images/WEB09673.jpg,0,test,data/test/images/WEB09673.jpg
data/test/images/AoF07566.jpg,0,test,data/test/images/AoF07566.jpg
data/test/images/AoF07381.jpg,0,test,data/test/images/AoF07381.jpg
data/test/images/AoF06781.jpg,0,test,data/test/images/AoF06781.jpg
data/test/images/AoF07863.jpg,1,test,data/test/images/AoF07863.jpg
data/test/images/PublicDataset01182.jpg,1,test,data/test/images/PublicDataset01182.jpg
data/test/images/WEB10932.jpg,1,test,data/test/images/WEB10932.jpg
data/test/images/WEB11182.jpg,1,test,data/test/images/WEB11182.jpg
data/test/images/WEB11144.jpg,1,test,data/test/images/WEB11144.jpg
data/test/images/WEB10999.jpg,1,test,data/test/images/WEB10999.jpg
data/test/images/WEB10561.jpg,1,test,data/test/images/WEB10561.jpg
data/test/images/WEB11381.jpg,1,test,data/test/images/WEB11381.jpg
data/test/images/WEB11073.jpg,1,test,data/test/images/WEB11073.jpg
data/test/images/AoF08130.jpg,1,test,data/test/images/AoF08130.jpg
data/test/images/WEB10996.jpg,1,test,data/test/images/WEB10996.jpg
data/test/images/WEB11670.jpg,1,test,data/test/images/WEB11670.jpg
data/test/images/PublicDataset01094.jpg,1,test,data/test/images/PublicDataset01094.jpg
data/test/images/AoF08175.jpg,1,test,data/test/images/AoF08175.jpg
data/test/images/WEB11333.jpg,1,test,data/test/images/WEB11333.jpg
data/test/images/WEB11370.jpg,1,test,data/test/images/WEB11370.jpg
data/test/images/PublicDataset01160.jpg,1,test,data/test/images/PublicDataset01160.jpg
data/test/images/WEB11339.jpg,1,test,data/test/images/WEB11339.jpg
data/test/images/WEB10985.jpg,1,test,data/test/images/WEB10985.jpg
data/test/images/WEB11728.jpg,1,test,data/test/images/WEB11728.jpg
data/test/images/WEB11025.jpg,1,test,data/test/images/WEB11025.jpg
data/test/images/AoF08375.jpg,1,test,data/test/images/AoF08375.jpg
data/test/images/WEB11184.jpg,1,test,data/test/images/WEB11184.jpg
data/test/images/WEB10610.jpg,1,test,data/test/images/WEB10610.jpg
data/test/images/WEB11197.jpg,1,test,data/test/images/WEB11197.jpg
data/test/images/WEB11362.jpg,1,test,data/test/images/WEB11362.jpg
data/test/images/WEB10808.jpg,1,test,data/test/images/WEB10808.jpg
data/test/images/AoF08343.jpg,1,test,data/test/images/AoF08343.jpg
data/test/images/WEB11778.jpg,1,test,data/test/images/WEB11778.jpg
data/test/images/WEB11444.jpg,1,test,data/test/images/WEB11444.jpg
data/test/images/WEB10694.jpg,1,test,data/test/images/WEB10694.jpg
data/test/images/WEB11307.jpg,1,test,data/test/images/WEB11307.jpg
data/test/images/PublicDataset01088.jpg,1,test,data/test/images/PublicDataset01088.jpg
data/test/images/WEB11170.jpg,1,test,data/test/images/WEB11170.jpg
data/test/images/AoF07790.jpg,1,test,data/test/images/AoF07790.jpg
data/test/images/WEB11241.jpg,1,test,data/test/images/WEB11241.jpg
data/test/images/WEB10678.jpg,1,test,data/test/images/WEB10678.jpg
data/test/images/WEB11322.jpg,1,test,data/test/images/WEB11322.jpg
data/test/images/WEB10475.jpg,1,test,data/test/images/WEB10475.jpg
data/test/images/AoF07993.jpg,1,test,data/test/images/AoF07993.jpg
data/test/images/WEB10654.jpg,1,test,data/test/images/WEB10654.jpg
data/test/images/WEB10526.jpg,1,test,data/test/images/WEB10526.jpg
data/test/images/WEB11679.jpg,1,test,data/test/images/WEB11679.jpg
data/test/images/WEB11727.jpg,1,test,data/test/images/WEB11727.jpg
data/test/images/AoF07751.jpg,1,test,data/test/images/AoF07751.jpg
data/test/images/PublicDataset01174.jpg,1,test,data/test/images/PublicDataset01174.jpg
data/test/images/AoF08311.jpg,1,test,data/test/images/AoF08311.jpg
data/test/images/WEB11792.jpg,1,test,data/test/images/WEB11792.jpg
data/test/images/WEB10728.jpg,1,test,data/test/images/WEB10728.jpg
data/test/images/WEB10596.jpg,1,test,data/test/images/WEB10596.jpg
